,0,1,2,3,4,5,6,7,8
0,5.536131107080089,-0.9360481099431468,-0.882832472659192,-0.10767042269204417,-0.6379076472243551,-0.43376826646682465,0.9920338341387716,-0.9152562321072436,-0.4274878740924927
1,-5.561817146038595,2.9036692204936188,1.8687797762988778,2.66862323536805,-1.0306285735615481,0.993792335043639,-0.5464441274439504,-0.9476958316554038,-0.84436280615888
2,1.7419244168792856,1.777069400421737,-0.0024260437975151847,2.818554942866725,0.014308134435600988,-0.9504155703478216,-0.8494386853570033,1.3063205528272808,0.413244857778572
3,-2.7637449270191423,2.5588481521618682,-0.7412633462636625,-1.344017498549731,-0.6341639736536888,-0.007908217111454122,0.07527873276779076,-0.13477525068393775,0.556428457033531
4,-0.2740931311613829,-0.8130089309210079,-2.974945885313656,-0.3584252553181086,0.6356637882617705,-1.1710145769551599,0.03828818377694311,0.27583230941072284,1.2734857088206637
5,-1.9589120289348199,-0.3937257357566821,0.13888019912941033,1.439070301241598,1.7571697458238942,-0.8598715890097239,-1.04039542892115,0.5330964832076762,0.1468947503537058
6,-2.9432814493512014,3.4913586121674953,0.8297468429728249,-0.4368983313788692,1.541209776187665,0.8282760113950554,-0.35541036386280644,-0.26072912928402897,-0.03379825071794183
7,9.246091790503986,0.1928863697982306,4.1859070961712455,-0.8449168293279895,2.8955702688430938,0.5788704491370842,-2.0983685440941717,-0.5195007428813142,-0.45763372864410556
8,-3.2136257836165463,4.574643020876455,1.4227097831968776,0.36356425842952483,-1.108904674081293,0.6773163837016176,-0.2807822397127618,-0.5313229577274917,-0.5334853019676868
9,2.366498383382393,2.5393540021365593,5.008317126867691,4.8548561869674955,-0.9365647663510722,-1.6170345276646674,0.6541144397840708,0.6126843100355887,0.07406034926477759
10,-4.293034144123864,-1.728603605969407,0.29454971815703235,-1.657488573257828,-1.0371319749181467,0.04871042484916422,1.1609667857528743,0.3463166342444281,-0.36157209786791705
11,-0.019711971104348525,2.9158802768496304,-2.7324714798123217,0.6616243338902615,-1.0764583267058159,-0.9141612477761177,-1.2387564841864003,2.8818773320311104,0.05138675992124587
12,-7.091382759645975,-0.2797039421609423,1.0391614401978195,-0.15019478142678663,2.076543813597316,-0.2201802245221672,0.753073550006304,-0.04550364486179493,0.33833735604112103
13,0.9625159883404137,-5.4680431778465275,-1.1857902889995982,-0.2820259462848438,-1.5913630942735584,0.4048271702827585,-1.2086388563218078,-0.3825239568110923,-0.9596003184013592
14,-0.2556862396359413,8.05297216660691,-1.7401035212208507,2.488818131729305,1.7988427179476278,1.346003683212846,-0.6648109692892278,0.4029413828839641,-0.04693072460898967
15,2.8951038221178247,-3.717778684979123,4.164310530741393,-1.538138122063115,-0.5043234983634071,2.226487626193069,-0.7369389060271839,-0.5789793717120042,0.3148826356357331
16,4.548015343045929,3.3703846175962866,-0.499957818371402,1.0008239176247096,1.7816552676470767,-1.4615793692218229,1.6936173689775234,-0.754539726241904,-0.045742020677842866
17,-7.051467027905498,-4.129675610068655,2.7379492714314417,1.5849793057727175,-0.31922306179216076,-0.3520868484619284,1.8548564266606342,0.1520886217122964,0.5312015947081731
18,-0.8727191374606287,6.09460975334696,-1.3218732464410488,1.052054117373151,1.4993476602947962,1.044317819959523,-1.4979370281378512,-0.5840431664556266,0.06459699313225647
19,-4.993158558517565,-4.85229741091289,0.7787933762223698,3.1800219255962188,1.4821064495074727,-0.9934672603862478,-0.581352133514165,-0.45069538495893563,1.1926896171829908
20,-4.345935464798501,-0.05643943417502832,-0.4668730409427006,-3.137909273234477,-2.1558183096616217,-0.15925974982061677,0.4052786891841411,0.17400770536054327,-0.4229981048025104
21,-6.404204349132488,-0.9320002969401958,1.570295372451407,0.6856207963806014,-1.2598116203391412,0.052181716579054294,0.2981998478455981,0.4376038929893523,1.1172169685322777
22,3.0067626791981197,-0.07476259760611646,-2.4280381696033277,3.1731753624353902,0.5664530055371846,-0.7641069347910524,-0.7973199385168552,0.09873428846907875,0.42487551854628614
23,-0.5842776519695366,5.9240908933948795,-0.6533756234669983,0.7868692198301059,2.906018205528538,0.5374920073697503,-0.5530764335035611,-0.9857240625653153,0.33844596711302044
24,2.1048994972534447,-0.7886296335295799,-4.4137501677858,1.1463925224075115,0.00023033649036395776,-0.26561196960868916,-1.2196213409892886,-0.6983023935677648,0.7832908635115288
25,4.917360845166331,-2.8871409723176154,-3.5120018978735805,0.6520541461946577,0.12604105451809294,0.5435342498793241,-1.1432737741766101,-0.4154697801763914,-0.6189824356306418
26,8.915746015294644,1.5319390615310737,11.41911350178708,-3.293301582446659,-0.7733061174732958,1.037470971435409,-2.3407703048133346,-1.1613440856123967,2.6499650232635346
27,2.8659311240118797,4.629134165745187,-1.8750570471336074,0.5857352044455078,2.610217179762508,-1.0687454306586925,-0.4062619712166053,0.9053977492229689,0.059804405251257305
28,-1.819547647564037,4.302184160981568,-0.24606672367310395,-1.0004764980094418,0.14748925634403767,0.03666840840995214,-0.7712638888577545,-0.40165317086402547,-0.2993848258578659
29,-3.3969660060716613,1.7933590742241328,0.20131740625038042,-3.1695858892997877,-0.8991164380531282,0.26076093737810696,0.9178616783998701,0.7637651014097409,-0.001986810258541707
30,-3.354547179396064,4.400778461703653,-0.03830586354095651,2.691462187386232,2.990494269057825,0.37413299926266536,-2.605987855032932,0.6825489231102749,0.8168818254222686
31,0.13706784218394716,-3.1075163619539325,3.379294832413784,7.368810812682601,0.8050039958903987,1.0038166850117205,1.5371909813446125,-1.734319657943597,1.637193016409408
32,-5.98851865917677,-1.2819575729840218,0.6971646070757319,-1.25689387102981,3.2879591365529586,0.1689041219250186,1.6766524274502308,-0.3937211267856174,-0.8994359244757736
33,2.219069237423215,0.6708608728277451,-2.604145599807447,1.6799324951339822,0.8348554811183906,-1.705280612838878,0.5031353777257676,0.7849170153468634,1.116427768457964
34,-5.412706772528219,-3.094291086139211,0.9322617022035803,-1.7757042213750907,1.7457890565578875,0.20601288913694257,1.1708049444349131,-0.0796888322083738,-0.8681418155800834
35,-3.442631724816259,-3.7872972958157014,1.6452170485528026,1.3033089907210254,-0.04466873402402287,0.6336196662208637,0.6045084695185405,-0.5028356279522612,-1.480677433355711
36,-4.60048711644058,3.445189199759037,0.6243829547431905,0.38593888857782244,1.094114571530199,0.7302816776621641,-0.5735861292155237,-0.13062490404115254,0.20239240632516875
37,2.6563599157173616,-3.0625028273710586,-2.887257874431607,0.5082219052845145,-0.3320460946649144,-0.5845088370748872,-1.0209535192433699,-0.8609189049427945,0.9514963388643541
38,-2.847162719130708,2.4187988665391744,1.116744350937377,-1.1281546390304789,-1.713416416288157,0.16566159809286915,0.5414796314143305,0.15349700291501905,-0.8743328491403985
39,5.90780275912119,-4.965566149795495,-2.114218176910512,-0.3974587170487875,-1.9330601254889805,6.90657045254098,-0.09940722422112357,2.675338004298826,0.2599678958105041
40,-7.14219505231507,-0.8119966330369998,1.7610034759499045,0.9718674019546018,2.164982987731377,0.4401481054314805,0.1553383439136002,0.17841300361141835,0.24365017098427078
41,-2.945631339770403,-3.590283442256345,-0.803758998806297,-0.4228067802332171,1.0567012310831667,-1.16529932236935,-0.63482883823214,0.8090542599704869,0.5940570320985882
42,7.370040273626501,-0.8666442280838479,-3.8368333657956124,0.12006531949817327,2.8105217692084925,0.026513656523428266,1.5454074857014992,-0.32511538314922706,-0.37135552569096636
43,0.3057901461523091,-6.1795360247910125,-0.07443563986123951,-1.3266397635572529,1.9731461768031533,0.36496172739296384,-0.9689780312131842,0.3944683973052722,-0.2671704710168404
44,3.795600255203814,-0.33987623657298965,-2.8912851631993077,-1.118637875653242,1.041677829349248,-1.3134324160931274,2.225356290003143,-0.2555229874410292,0.5872703844117132
45,-0.161586766360953,3.3981446703312264,-1.6536015827388473,3.5695999018990427,1.59510008056235,-0.19611108849541356,-0.24810683201176356,-0.2518878067736159,0.9197715579941254
46,0.7385123917042578,-1.4994679879578263,2.1365682614729202,0.45389636602261724,-1.641335845691225,-1.377010095649377,-0.28857504827470976,-0.18422351016763633,0.9468687260177984
47,6.9653071015912005,-1.0576651889480873,1.5363513635220356,0.24291059088982458,-2.3008193776201034,0.4198537749493402,-0.6048176296653095,-0.4541102003017501,-0.8673457169838054
48,-1.9163792030402613,-2.399005619208654,-0.0725608238043907,0.4248709924109918,-0.23020497237185086,-0.9829866313556878,-0.5225441303791517,0.1391243197468887,-0.15773045945933994
49,-6.399753387440664,-1.4792920006505488,2.537087159635329,-0.0967102272388087,-0.523652035611659,-0.4031448148753055,0.8886588222842325,0.5458705930476538,-0.5227634133541277
50,-5.708533854211576,-4.092645770647579,2.0815524734759325,0.45104765825080995,-1.2542511899732827,-1.037659447754523,-0.3243099603321211,0.17692565523078854,0.32984174994600535
51,-4.5354829417753,-1.9168950219483276,-0.11229312836406379,0.138009836054632,-1.1949970622962247,0.0629412395979065,-0.3940075479355334,0.16538807639526415,-0.6643156751096269
52,-1.775497454068482,4.919724121080391,-0.6306966393749408,-0.5049882864391115,0.16015119182277518,0.1038838259474089,-0.5984760051083914,-0.10035419030453957,-0.20942763326589442
53,-4.130383423174284,3.0731544850920476,-0.22441050459510303,-0.3127327658270701,-1.6882485769152211,0.7937582073427109,-0.4356477044500161,-0.43744273647867676,-0.9888120052298395
54,-1.8992239154708719,4.245422367791905,-0.5770081479735604,-0.537617954651018,-1.6031142988316547,0.10267961625668129,-0.010217240324138843,-0.08703025201612595,0.12603287950255557
55,-3.481585676195334,2.0911210841093344,-0.9371461213478168,-0.3146814030629906,1.0933796753932372,-0.31447154185612197,-0.308913692125128,0.9133026196757271,0.44667785745276173
56,0.2050276458635324,1.163125120967805,-1.705390929937391,-0.268011776292485,-0.8110379862935233,-0.49194789457040683,-1.1530652930999676,1.105141811464178,0.030990526850680114
57,-5.860514478283399,-0.37014705895576505,0.471233957744984,-0.47172332379167337,1.4530488783122384,0.20929500747091315,-0.008795428052330188,0.23386196406145476,-0.42559874844192025
58,-6.560558268956267,0.9419954678080394,0.9184229462134088,0.10411222011260103,1.7955831330360161,0.3607655187999811,0.016900676395583163,-0.2657649291306624,-0.63358051792284
59,-1.9922609749041955,-3.2508694785043697,-0.44191297266011287,0.5557004286223712,1.8106419750312834,-0.2759353468524195,-0.11116893741166575,-0.6059257757769654,0.46348072120325595
60,1.9452954087342031,4.415843577845206,0.9747079803648488,0.10843404347552699,-1.7579949870626386,-1.1521778646369225,-0.7711333352904519,1.635066890398035,0.09473935002340636
61,-2.6380382217934475,0.9316287943490235,-1.2573127670297441,-0.19848794612603846,0.324958998827403,-0.9179976446065354,-0.36909482773437813,-0.024787308230437864,1.1303343204210943
62,-1.884930258092277,1.2692457770259564,0.9151843285504845,0.39820385666682173,2.1856592948412135,1.3908223459095965,1.537162435689111,-0.7142475923752929,0.1254704565734024
63,1.7036540830381341,2.9562955340279418,3.1863455943718626,4.073924574491035,-2.2482690616319507,-0.038381795956641596,3.3128416864093517,-1.1831184525502594,-0.5820360431322098
64,3.8397218843178402,2.943924141239344,-1.8418500946434746,-1.322872287397942,2.2483547121074876,-0.702120005645182,0.06087872869407777,-0.09550222200182418,-0.33206484521143387
65,-2.0204906323859118,5.27272950812622,-1.1871676757151726,0.00020394814389009032,2.5360949686724203,0.4671773219966208,-1.0898727046156333,-0.3159713783097785,0.13742636495986948
66,-5.701867710426891,1.6257344082669627,1.3245194113450056,-0.33411348351568926,2.2502481165387893,1.2546195446708888,0.5178005670495067,0.2683531752509817,0.18069740831554892
67,-2.7609470314964675,-0.5414951185485362,-0.8465036597208003,-2.93261960836737,-0.7874068054928899,-0.27800868067959533,-0.21473449378603854,0.8375821883163242,-0.30167804085686156
68,17.984426463359497,3.0573118050317185,17.47064570636611,-4.755348456261665,0.5642826080614415,-1.5971067262938727,-1.7396719955647737,-1.3083908828021464,1.767393126296282
69,-6.344431399571298,-0.34938474607291786,1.264670934572629,-1.8133628707873093,-1.413086325761846,-0.06272770113142226,0.41075025069022797,0.7571435209018474,-0.9571609923829612
70,-2.7056542427585475,7.26892049506872,0.17401780581418053,3.251304860872371,-1.4262053355392914,0.9470476764278106,-0.7102073784109767,-1.3516801874669466,-0.13356928484914615
71,-4.6873275455739085,-4.7705116594193075,0.7418453982556382,-1.5666718666642332,-0.8634234675007222,-1.3962866317830966,1.107576031556455,0.6413996295111798,-0.014069455559094033
72,5.221085736615109,-0.310856489044,-2.500769108926559,0.3303862282834018,-2.3219554135512612,-1.6481117575608506,0.026285558018301094,0.473973066302218,0.4194435366601856
73,-5.501132863861682,-4.487443227264635,0.8946143341070177,1.7578522469471418,1.9734044321966684,-0.8164093277464833,-0.0634361370381962,-0.3576268573659619,0.5588761445878002
74,-4.672432105367111,-4.698429697590525,2.634021553754971,1.3190152088692877,-1.0688356932560488,-1.0189863151961709,0.8051907354116729,0.556825456980386,0.27607022062312087
75,-1.9550018601377326,1.4118856173278358,-0.6770891443088136,-2.766268310326208,0.16624999109818497,0.2946069520940673,-0.3929704318543856,-0.002033532894922197,-0.5166293335182799
76,-4.2848701517886525,-0.08400836297381474,0.6314192030443512,-2.3166669183281963,-1.5564656502433285,0.157850359727222,0.4560115011310678,0.197466808884586,-0.6116394884989405
77,2.5502103861526555,2.945193965438404,-0.48585275256157995,-1.3950891367883647,-1.798975487222639,-0.4647236151338131,-0.7338231687621505,-0.45707461838125274,0.5514007062294004
78,2.974724547868933,-1.3182948613883563,-3.333339854030689,0.7773453788378728,1.6259143668722118,0.07848455774549311,-1.7894030500830076,-0.5647933817493805,-0.7655219822320353
79,-3.7311246308617387,6.062965529653553,0.07721846847888242,-0.4964782936336826,0.7767016125302983,1.6137996448513392,-0.7962966106877153,-0.6960501192585472,-1.2485600654675177
80,0.7937086188506315,6.363805120795664,-0.9800644004080735,0.5234778140005838,-0.37262177373066274,-1.171438323534111,-1.2121249755474441,2.014452745936626,-0.04590755341768337
81,-2.802672094762317,-3.450417152474544,0.04693820029085368,-1.3089576332663695,-0.7072630387924618,-0.8245459117734543,0.6440139248501111,0.23298148144621073,0.2516472227943231
82,-1.6098209285178442,8.623374366755577,1.2018749086214293,0.7175283428595348,-0.19518629313588465,1.4573701913413504,0.197698252819477,0.23661691835751217,0.4917575952903404
83,0.19311170828633228,-4.900048555635721,-2.053954474161413,-0.6042172684305525,1.5909109929400378,-0.793535239933367,-1.344497425572557,-0.31431792848778384,-0.4139108620996779
84,-0.18569392395732956,-5.06417028914363,-0.13871716703119727,-0.4668634254633325,-2.393542745214169,1.0222580649162225,-1.4467279506529378,0.49222311486579307,-1.0402441199999213
85,-1.91733763873049,-4.515077523621972,-1.9003783217191264,-0.31556948505366605,2.3445610250917674,-0.9571010954255547,0.8404927069008541,-0.547052836370502,0.1248872568773843
86,-5.084829754788123,-2.0645964871088687,0.25011796342586906,-1.6856759093315052,1.3648689619967453,-0.5111990452370208,0.3149131197224948,0.46603173784344504,-0.2951669184526417
87,-2.221971765185833,2.5878578188507686,-1.7496679016599466,-1.2160771393496295,0.6161402330839864,0.3340704733659797,0.27853650105617683,-0.3177757879229847,0.09377929917735342
88,11.341316282555102,-1.7873892139415577,0.2737581861022498,0.39088349783971715,1.2728384100993106,2.1027015430355043,2.807146663865978,2.7959209489660735,0.4760893877991959
89,5.667566134185515,-1.2534902694478758,2.4713084775652128,3.1750592191729856,-2.9336285303316783,0.11396820305186779,-1.5176562848871071,0.3372578150751317,-0.7879712855377892
90,12.318547189186786,3.4184853160357487,6.879497590238484,-6.812636104821356,3.4023238166578054,-0.3393396577482849,-3.750306804852624,-2.016196322568606,3.400415893657557
91,3.5342489272829227,-0.18758212680660777,-4.370887692932098,0.30623724932405666,-2.0463960449929397,-0.08121259296159376,0.3321120364618837,-1.3679761413163753,0.6910058977947436
92,8.799545250492395,1.6490048856702548,3.0102039464273984,0.41854062383562307,1.1506899200169758,-0.20267574238559663,1.4085010229632764,-0.888751650675462,-0.7802098524629654
93,4.163028297187931,2.8792256521532225,-1.5896605341113956,0.3514779968590183,0.5231817991785502,-0.826040137959178,1.3488938929871712,-0.8058197618528642,0.11862609918645389
94,-5.675671176437741,0.9482140265645201,0.7262098997016317,-0.0886090756779088,2.7534213382223234,0.26289308315976795,0.047569684500215675,0.14675903627706993,-0.5353089475350119
95,-3.612973551069156,1.726803460703363,-0.3084664387900883,-2.335456345305895,-0.12027191019157629,0.2870929483358879,-0.23780691579275004,0.26200600759012954,-0.03359813257673357
96,0.9553166358036527,3.663604999525299,-2.7824237415270465,1.9462885470033136,-0.4974622626320152,-0.008681911360879173,-1.455405545208503,0.49030028529557146,-0.3189696489108404
97,-6.764411757441801,0.925770830022928,2.50830228639005,-0.6444197023648714,-0.47986869846039093,0.6481517143889777,1.2596600461002592,0.5909084610434203,0.09902676083227611
98,-2.803590973324913,-2.590281306217782,1.144232829354959,0.2287914669657374,2.996648029611126,-0.3656835491425647,0.08834975176303708,-0.07712717527780433,0.4805441438128433
99,-5.324468196079129,1.4911080043772822,0.4221404924420031,-0.0708990635172762,0.20922634358883568,-0.20498855635456567,-1.0334806595999626,0.06214777787373635,-0.9316010070331529
100,4.822493508414018,-2.642548037564387,0.0855284572786617,-1.2747138239080338,1.9928223756503736,-1.2725889985055427,-1.0595126183160963,-0.07567609347588325,1.694658636076
101,-0.6569079659872745,-4.919773000011617,-0.657744547290306,-0.4756539887361778,1.1322482855775946,0.15352720556649294,-1.6850680221463148,-0.2484557658654873,-0.7027648235760853
102,1.2387544564642436,-4.961614615983093,-2.4817006343433867,0.06982106533455484,0.854136716260744,1.2982481094271723,-2.1655045981724554,0.1139467461551509,-1.4537726747211392
103,-3.1192645232709446,0.18119282640072856,-1.1186996955815955,-2.586792273495418,-0.9539235025509691,-0.12124465743647071,0.3554883087259328,0.1755796868200105,-0.5768128262242589
104,4.7730213591219375,0.34493224281597035,3.160583914702826,3.329031841744685,1.5990693983747093,0.04005161111718869,-0.2265954611255928,-1.5476340006192977,0.7317131372561085
105,-6.704666249805223,0.644495141586269,2.760858405993656,0.461793353711053,0.016045608680729607,0.5424122996782685,0.8740225510207301,0.2816631348531538,-0.05914635783245314
106,0.737057126120101,-4.169665786338342,-1.0137339586480585,-0.36549861717021076,-2.8257093401330367,-0.1456264371849042,-2.5383309572222266,0.2623430509995119,-0.9019447984242542
107,-4.0854219478697615,-2.1747921825421694,0.585490035588228,0.3865120034480625,-0.4992667022433758,-0.5205252337034053,-0.23270760245984207,0.012159568157737508,-0.13887825461243938
108,-4.703707662802831,-2.1011831268152115,0.07065010033710942,-1.818846358147915,1.2817510211208438,-0.6197105548897944,-0.1145280966102032,0.6561547515540664,-0.9352666708374499
109,5.827993719212351,-1.0006428758847867,-2.863763655901405,3.1372914964532987,-0.6978380059846914,1.603166267201314,1.5182280209554446,-0.3399887703474685,0.025729332010070702
110,-4.979008192961988,1.8312713286912041,0.19995222162846008,-0.2255508482686371,1.9196089730023413,0.07175556362587572,-0.6932169485681857,0.4475369651940275,-0.653194507256312
111,-3.559441076051979,0.6214509737416315,-0.574670636557615,-1.4834544820397495,0.4106762989981544,-0.40042705222337266,0.18123699281417047,1.1027444554563037,0.15295627847331378
112,3.8669597182867617,1.0343105716022236,-4.414600685986374,-0.66871850896371,-0.9678495036477008,-0.589995466444824,-0.0012850284624947783,-0.8528504041769738,0.5186612777981705
113,-3.886606553081106,-4.036817108622694,-0.6871208190024648,-0.06739893535115454,0.8251459933581963,-0.6666285147162094,0.4658923210085094,0.2684339567231095,0.6907344756060569
114,-1.723637955742559,0.5213215357580614,-1.6328121752062146,-2.269467728778779,-0.2500561282292867,-0.5713208555737326,0.07054252203306112,-0.1369698662369764,0.2042293709690853
115,0.8651859020520423,-5.6473143263450165,-2.388505720780376,-0.30468710890566836,0.8790627887239799,0.855616637043192,-2.307291161906307,0.6934897815981254,-1.1993198758513715
116,-3.2310868145346707,-3.165210250655942,-0.4709939943354684,-1.0564943657669625,1.2037003524178713,-1.4148814562442693,-0.6124802634133798,0.26012183451330767,0.12804204612981157
117,2.7558404170476223,0.7706817990933789,-2.6084508651871037,-0.32313715305559887,-1.847268687482363,-0.3933466525478556,-0.8983002484399246,-0.06329714074609472,1.1093466575789541
118,5.365896015970385,-1.507860962965832,-3.881696857657509,0.7704420656804841,0.7719029829968882,-0.13768087639637236,0.33537058282241644,-0.9729828169072261,-0.1374233601635265
119,2.800876435963449,-1.6085151100440847,-3.523063070097883,0.24374147518856615,-2.2743912238227826,-0.38869850546411633,-2.058494423025841,0.8917147001358356,1.650410248781747
120,0.41195079925511535,3.8681083998122503,-1.8724228829292513,-1.2640308333554582,0.9118097882505362,0.3239873666713233,-0.2712254124577097,0.3921024437456791,0.06704575819720504
121,5.96816948169219,-2.808496833441853,-4.887105888073791,-0.90027104848815,0.6482050445280428,3.3258797863516594,1.5882756309367283,1.1012880126969367,1.58681155618054
122,6.451518065561876,-0.5970669147615775,-3.216714654679787,1.1836831170015083,0.9935282401287903,-0.8090798503283047,0.7762503454344657,-0.2431637953023458,-0.1149942052300006
123,-3.247826916683339,-0.5854517458053148,1.075263436855573,-0.24735554548792527,-1.23156670846638,-0.036747734082978135,0.5156176900477,-0.048175683650204006,0.07948397024506001
124,4.066748023593419,-0.4180380085838433,-3.7238760170732395,1.5608343653145238,1.1407227152225519,-1.1942300198565923,0.34952161652142094,-0.6773184953317883,0.5475625596233913
125,5.250879549667772,-3.751873295211337,-1.7916081611964458,-1.04806970114195,1.6960502677794038,1.2509465005600942,-0.8598398651515338,-0.8274953189630773,-0.5632844545937705
126,-3.9224080155141805,2.107388478220086,-0.2978112844492339,-2.608791680462434,-1.8175926199583297,0.5029405072610625,-0.6173127138914667,0.8966229086663113,-0.7224138475292248
127,4.7838384455767,1.7843722968037912,-4.066945217485467,0.37648811081022177,-1.1897991464167472,-0.9329844396139896,-0.14885638280400607,1.402151555984962,0.4154965926705453
128,10.986089723320827,-1.4534906536035503,3.6667901266625242,0.7839912076200733,-0.03545267249964422,0.5472602355148003,0.7639399657112373,1.453492802305469,0.28074191259233416
129,-3.3649638185068285,0.24348495494152803,0.06507208124071581,-1.9910873856073679,-2.014319225569092,0.3378454841345447,-0.14592306855910256,0.01952933814418386,0.18835529085821662
130,11.5913534238319,-2.329605043545986,1.2560383786486624,-0.8697751382208371,0.8896179575424578,10.057580117070081,5.013195445900048,5.877122637884825,4.414018711678773
131,6.607474062410567,-4.678103253389424,-0.49520798704461855,-0.060182277569024965,1.0204328288995221,4.692757088636225,-2.3403701717809424,1.103131376511566,-1.5548533454517468
132,-0.7056972046366959,-3.584760160581074,4.519211160154793,5.815997640019967,-0.9014931297216069,-1.0130216193701844,0.25660211530573995,0.7227960310014856,-0.1382986050120818
133,4.314601038279863,-2.347351995409214,-2.045070226074425,4.5208067569873,1.5299078232518892,-0.10482692752746671,0.8787662194756081,-1.6079162212146234,0.1000736493429129
134,-5.130950685332727,-1.7082774171589734,1.0587074653233515,-0.879802683650316,1.3981656339981423,-0.5828376831737822,0.26031726328902144,0.4992416108742128,-0.07070117656422864
135,-3.0404538103192067,-4.858396695901979,1.415399270798492,0.7352535272228553,-1.0473708767923353,0.5954277149218524,-0.29830354170919504,-0.14268215298196404,-1.4797898079033855
136,-4.52179101412251,3.8729557995404753,-0.2093030074809017,-0.10283534386847205,-0.9024445295499703,1.1617092000663702,-1.0182701071585711,-0.7318927373629228,-0.9938942967149076
137,-0.7565892932582596,2.501021076504868,-0.8728248544207854,-1.2089028152483778,-0.4499431251117985,-0.2993025733000327,0.2201087495386074,-0.2966465684598847,0.5844052843822533
138,3.6115082388155306,-1.0539222485263537,9.49940626890839,-0.9714033153774164,-0.35572592866233604,-0.48930550932385164,-0.9716970127562939,-0.5755800647251698,-0.14222305080502923
139,-1.1105388401100684,2.7302652782745644,-0.8142353734683925,3.2274149291155148,1.25511206078686,-0.21334014686888642,-0.8920196744051561,-0.7353607506398832,1.4831523122104968
140,2.4045437192986414,-1.22571986370218,-1.5514166224177395,-1.4707548649372433,-2.0984896920377545,-0.16485580860995896,-0.18402643106792818,-0.807293842981288,0.69688562960058
141,0.8849365721181855,-2.0265006722240786,-0.07192810899894558,-3.1087547904171444,0.521393501268414,-0.4536676966966899,1.4877490073447162,-0.4711977410843716,0.4828292197699957
142,-5.168434765328371,2.6768528650188244,0.08461275240521787,-1.0269342083600552,1.4851669411982862,1.2906479269564821,1.1545054957576069,-0.08511033895462433,0.29352178328662293
143,1.5541981899102153,2.987697634629465,1.2551796608409496,-0.2683307338970727,-1.5601307938890039,0.4373569608814863,-0.16560376325938628,-0.7323844042061282,0.22344548449697585
144,4.617432070838468,-0.5242062399562146,-2.4376092998783343,0.7473074742032789,-1.878332917884149,-0.19034257465508755,0.3106596970756233,-0.7620284100279325,-0.32193286745124294
145,-0.43464627556999785,1.86224187798882,-2.56057853229405,-1.6004267685554296,-2.8760060663725846,-0.740946693985369,-0.45808732665487223,0.4377142626343232,0.944181843954702
146,-4.194011934262364,0.8652429538643195,-0.5615254745208527,-2.212763019263187,0.6887696756222345,0.019325476182166332,0.42117653304138963,-0.032269502203095116,-0.607220960200169
147,-4.3703411915096755,0.4299787934873957,0.22120893329596059,-3.094273469401514,1.2681699700454776,0.592623084481549,1.089683441773994,0.08361744027939652,-0.8252813860525476
148,-3.3689689456670555,-3.771466571290847,0.032538566055583876,-1.4331953925511378,-1.0291659463031761,-0.9213053004174504,0.020860893445987797,0.3183164012897704,-0.8783680672318744
149,-2.2858895258059695,3.3068836493602594,-0.40782910866592537,-0.2950492054373416,1.8505164439056865,0.2996919150189881,-0.05921030481069259,0.8513041861235577,0.7070600436623755
150,4.0082656916346,-2.5459661401190807,1.6171594241080314,3.828190356723238,-1.154486819299995,1.0068957080695233,1.5567970570663634,-0.7307227836116462,0.07652651306801064
151,-5.346364376541003,1.248485782122373,1.8501207607593495,0.21268171620709406,-1.9138889612993697,0.11529961079733661,0.17390280111760467,0.6718484701837825,0.08573027378836112
152,6.314074974297766,1.2860321668119168,-1.9925850979682262,-0.38383222554409985,1.2535538622022822,-0.954043597411919,1.5767851264464263,-0.06256149292934839,-1.2799898916126065
153,-2.9986617827412103,-3.995043023339136,-0.9138860507411789,-1.8952407873365364,1.6461148426443908,-0.11239201213709836,0.5766175319386951,-0.07932631639894976,-1.147268352238742
154,-4.77746096620621,-0.720911986198898,0.8247295844039265,1.254033615014092,-2.1820567266701376,-0.44852714229018825,-0.3729572545170098,-0.09168834887897379,0.1432433457517921
155,-2.5679108309538443,-3.6126316221052184,-0.64359998786445,0.06123848395944817,0.2030179184732642,-0.7129552027727448,0.5081626666165688,-0.012479197320189811,0.46011986694105056
156,0.06816740444949926,5.085786494832219,-1.76354831279155,-1.281847857453874,-1.9516576900925595,0.2841564843536204,0.5205316869351011,-0.8413553923308108,-0.03678462389848897
157,1.4210762315609609,1.0802924229729287,-1.6382486859938445,-0.42275960607853114,1.1723616283716698,-0.12433650965407227,0.22555988915889724,-1.1960691720054681,0.25188480844555095
158,-2.9962541334574238,-5.981175497531045,2.4467522026332,0.6412717661907812,-0.7171667964581594,-0.8225902696713264,-0.09277708319595764,0.012951122046901811,-0.19748739568865156
159,-2.476152657053989,-5.122547221234193,-0.4218165104286891,-0.6440139511032702,1.8539577692858613,-1.1284032643074082,-0.4828941694965119,-0.17315398992706094,0.15824252000321534
160,-3.11040486873304,0.1586474820509342,-1.0834992026433676,-0.5343766356613532,-1.3478021421215562,0.20369238741886975,-0.6331309868573215,0.12839012107211029,-0.6706683431790403
161,-3.805321938382002,5.21246850865031,0.14392990421038002,2.1949124553642863,3.12682543292763,1.3048540909194184,-0.8040029772682998,-0.6920606831688557,0.30965689055242895
162,-3.999040463095785,1.9076286200897075,-0.20000624988540583,-1.8747211461289484,1.372270062754867,0.5426849938754723,0.5896164577315345,-0.21926527313392802,-0.12993124317495452
163,-0.6649280497622148,-5.410003060903827,-1.3711223325700908,-0.49851371979856807,2.033958677239338,-0.14483943818554706,-1.1229941754051165,-0.04649125232780806,-0.9468065098276242
164,-6.914251914874798,-1.791710507854905,1.4965991930374536,-0.5828509294851012,3.3406421271572935,0.2026150230173046,1.4706986258111139,-0.10022744504846749,0.25809000578627606
165,0.3181075655229086,5.48839133001143,-2.5816702498984645,-0.38314648526930395,-1.289871071665481,0.5990975385155366,0.03777435946925185,-1.1651886436571948,-0.14179441766458392
166,-3.8290072638280024,-6.367278101953501,0.8623829520423998,-0.3294620953864218,-0.6815818411353647,-0.6766104160289867,0.8119696243964996,0.2010443121996057,0.03307215186819491
167,-6.843348384643262,-2.0269377087269236,1.3741327368785001,-0.5510758828692568,1.4227792513971067,-0.3697345700774872,1.148029609408933,0.30082386922808874,0.8146386638700097
168,-5.83620889278078,1.0173336344908,0.9159987219849434,-1.7983659624242123,1.4462141582278356,0.44781472704593844,0.5476986881085294,-0.2807835125417995,-1.1208526655428819
169,5.809624509060376,-1.7605040953302789,-4.669325399321533,-0.20140588667756024,0.5355592939204878,1.0697461847515197,-0.12105064549238287,0.2919130326117256,1.0896744156974543
170,-5.036425071325833,2.838180894066626,2.953776531830901,4.017133066675323,-1.905108362466717,0.5098903026564126,-0.38835543790806915,0.2152491232070668,-0.5135744706594786
171,7.739630385851302,-1.6862409086548469,-3.1321049586630583,0.8336781663869418,0.9282820945224832,0.16302133724173992,2.2934554303798285,-0.9472734997615274,-1.0771181490592285
172,4.266823263194194,-0.09877644498835378,-3.679057500784042,0.2692850925212791,-2.344084129880398,-1.030684632558304,-1.1368679027827489,-0.19908589239604377,0.5722617423661986
173,-3.4437003059678926,4.679153024640326,1.6882873819513937,-0.22660694694198436,-0.9990255166667377,0.8854944604016382,0.39358918319411906,-0.38845668291527674,-0.2110875127387827
174,15.493501951701711,4.446271439795108,13.026403720816116,-0.1850498655313944,-1.3884610202333465,-3.843874986087313,2.312569805766234,1.052497388274102,-2.5985205844393
175,-4.962688673084388,-1.8576045196140136,0.7510975200026976,0.15653236649507118,-1.37129016593429,-0.29518455235957386,0.3189294500785207,-0.0548608131320302,0.3677277528555345
176,-2.7841150932756302,-1.120570681545115,-0.49151518159173346,-2.756810163754782,-0.4726669003289468,0.29905538753660393,1.0605734494424301,-0.3632512155350798,-0.5504490184351073
177,-4.646131709683901,1.6557295786744262,1.2367800243573581,3.076381057361727,0.04588686466458205,-0.30667543677069264,-1.0335060218615535,0.30479944763373146,-0.5092985338186133
178,6.771744189129606,-4.680066318697168,7.906573895540223,-1.8566500547133182,-0.7629073407853335,0.2814516966262622,-3.4277468811991993,-0.355856432050066,1.189621398776298
179,-3.847682493932055,-1.487173565348129,1.5430705176997654,-0.5480822363436544,1.3546284933196706,-0.10567289338079468,0.0520659437674766,0.5226547168988013,0.4434154138791638
180,-7.189666418708907,-0.7513880078155785,2.8381814780990577,0.6098270009649257,-0.07550882052370375,-0.5110714873371982,1.0593273187624683,0.4875916054298785,-0.3000967640349799
181,-4.501664255009832,1.346241494334617,0.8296043842098705,-3.5959930494171433,-2.4115472221189203,0.062961442241393,0.648605598734446,0.5375784879649608,-0.9379252797274253
182,-3.779854263391057,-1.7189367846662742,1.1269834196228397,0.08661799052220777,1.5153344410496454,-0.7175972526933522,0.2969692306401037,-0.5988754073493058,0.35644562495211457
183,-4.361516856303477,-0.8177893655526213,0.4696058129209136,-2.0869295135069086,-1.5139754652850363,-0.8998119541168006,-0.4981797392787653,0.4699757960639328,-0.13686577145262507
184,-2.279798084316222,-4.593820872213973,-0.14091272237319646,-0.14058573262868462,0.15734185136570783,-0.8959730097018536,-0.029964797070855365,-0.049036037125535684,-0.0968778882496456
185,8.520101859579164,-2.600390190988426,-1.3368098692178119,1.6348977183070517,0.5702496873936168,0.046996315526726375,1.914559053450879,-0.07430391624745947,-0.7420840247383313
186,5.459864028379026,-3.0496962609190343,0.0038211565856456236,3.3775287940808356,-0.6223150924021903,2.0794820008633907,1.8654245108569574,-0.1851885471031219,0.4237280843226804
187,-1.4763528502832777,-4.822017704997522,5.1262324449038505,4.119672429261266,-0.5025992932951291,-0.48065694301941186,0.5451298798677804,-0.08305781324616472,0.16100582137133201
188,3.937174172078281,-0.4037124975900412,-3.223026203663103,-0.11831572416774046,-2.60134273387992,1.8694898689150399,0.9901082950299639,0.5891102727916396,1.6907849374359518
189,0.46786801686626406,0.7256402666344982,5.216430356790047,-3.6480307004846977,-0.2861532418821345,0.9381175625458316,-1.471235838041118,0.2533448436144419,1.980795318538461
190,-5.4790518356302895,3.1069957661228385,1.8057022686727797,3.3444459880678776,-0.29465177698836836,1.4013323963807756,-0.4870034215876728,-0.6401212481974013,0.7468000873405021
191,7.313087379735969,-0.333887436175289,-0.8311643375137286,-1.424539911390903,1.8651060637729877,0.5769818361363998,0.7765683480286689,0.09985377126564941,-0.44444577696106247
192,4.568347787526693,3.0663374490241444,-2.8503780762549162,-1.5789524913059336,-0.6015967686946331,-0.4387444906451471,1.8415249164058296,-0.786651539901079,-0.5564819566796472
193,-2.6118841155969075,-2.5102279462897794,-0.7443077306146053,-0.5511588280149801,-1.2980759931594827,-0.749145924029366,-0.417842474050271,0.643344741200627,-0.6345542280349521
194,-0.1798275451663205,3.6753141613934166,1.40208675379831,1.9645494717202048,-1.1498625551979598,0.13787262813241338,0.7891365186249035,-1.0849020117959993,0.43511880270839015
195,0.9679085815617772,-0.6544467079036347,-3.050854724079905,-0.21366768029409774,-3.236395716368793,-1.5741482204770283,0.2266059306139014,-0.32384694892582294,1.9123239829923175
196,7.332901439636767,-0.44772574831432765,-0.26276368446674425,2.131548828837249,0.6562328414112225,-0.8539073690617319,0.15105036715239972,0.18377282562011663,-0.7104712279434439
197,11.608521062009297,-2.090324084866053,4.0538293603135935,0.48739257091028393,0.3019843061777221,2.021341809298613,1.3053925016032069,0.6909856221737005,-0.8683715752733484
198,7.281663320807107,1.2936910317529084,2.5438183328539417,0.32090157462263574,0.2253940776533714,-1.5691768376982094,-2.964809639833695,1.3397436253392148,0.6264634372785979
199,-4.359209770396382,-1.108082523202573,0.9861613747457474,-2.5372764963366805,0.9806555602198382,-0.38647833729871106,0.21674418063273238,0.6849444975255069,-0.24831062838508616
200,8.183534488872434,-0.8951566299801307,3.446547579157405,2.7082346679362903,-0.6028718229708221,0.9486026836169424,1.0678337681140857,0.06722796959222496,-1.6103088085346595
201,-4.302798959060199,0.5234595341105123,1.7150075587145452,-1.3699844925946958,-0.7403749409241406,-0.06290160556360555,-0.23648175136907465,0.6948498846618557,-0.11460338329273721
202,8.368170976065363,-0.054339976299272334,2.2192375116215652,-0.9865947924041746,-1.6682946161567,-1.1570157069728062,1.6572346129630942,-0.7931910195253777,-0.540735561399905
203,-5.591983620668722,5.017952256178121,2.433525332625628,3.637726963028676,0.7321741853071343,2.7883236369418434,-0.5511580531858822,-0.771562061459899,-0.2706351103494351
204,-0.3102647293990093,6.862284258493057,-2.017106429677646,-1.3040238823959829,-0.6835447546084212,0.6823006998050681,0.1496654318852256,-1.2672893033101214,-0.7337274606023796
205,-0.8280376053012417,1.7713005989584607,1.9764065330300502,-2.2280561185515504,1.9500727854002646,1.3953103172053551,0.3008742469108761,-0.4899094412467295,2.658007489416474
206,-5.501144187317768,-5.010999772820289,0.40352702720577727,0.4615921277777698,2.1590705874222746,-0.6861293426459019,0.5321403528719898,-0.2794170425791006,0.0921732136188819
207,2.3424624606570106,-0.3634404522567945,-3.689635044363315,0.10523773302180775,-0.5545091143767933,-0.8535888815123581,-1.0470763615100778,-0.22380693470428775,0.38752216377565907
208,2.751289467438144,-1.5688690675132881,-2.8172376324742534,0.43773103947424025,0.19423338314119734,-0.2945257459210101,-0.9850863790749785,-0.4046583360755274,0.9880186395800343
209,4.075238443268487,-2.419222218010609,-4.606116751332089,-0.0711537885182428,0.6004352402620415,-0.3600390356322719,0.9048560009592197,-1.0491324451312893,1.0683567940024274
210,-4.420813271889252,3.466657347484018,0.46308067539470144,0.1892253760127576,-0.6008260810869755,0.7842197194924332,-0.3786451320513471,0.5050468529762648,-0.6553272255747813
211,5.983627711188519,2.553951107513588,-1.2568325618232,1.0557590854088457,0.24339718047250114,-2.278387382295524,1.3825592213692406,1.404411932531523,-0.8895453335013979
212,6.955020976728352,-0.3548924140606966,-0.9129838234623907,-0.03567674663663691,0.20945353733280098,-0.13332986232957708,1.8973178986026893,-0.41796509548262767,-0.12185138518022007
213,-3.0900849870093103,3.3936248019087043,-0.9343475984921586,-2.1948020920935374,-2.1563904320121767,0.9051644610043523,0.7881208680393582,-0.7438314732961507,-0.07299881616231647
214,8.062366664893979,-0.232738248130786,2.8403042527439433,-1.619446482738771,2.955657448453043,-0.5240322840946628,-3.3132357635929983,0.392127402093265,-0.7689217984720288
215,-5.8004083059721765,-0.4055250908442227,1.73889157659974,-1.9056242440298872,-0.6253414898239743,0.1970581218202142,0.8476997790617663,0.9191870885321365,-0.49776808643459536
216,-3.227619131848671,-2.291684785376706,-1.0359866670346456,-2.985857461530108,1.9747203080706843,-0.39725041715801124,0.9042079556396908,1.089443646853568,-1.1185296550926487
217,-1.9190108317919359,-1.5029736910431823,0.3461139320038846,-1.6119544372068537,-0.3035454973610756,-0.6830507027070126,-0.811790416685423,0.18783156579369678,-0.32522409752369164
218,-4.1330859735461125,1.0306885089444215,-0.6972602591095456,-2.218875055851003,-2.206539748202568,0.022662455188125333,-0.009260058786188357,0.07005805737762039,-0.0304730575188446
219,-1.9553794847240349,-1.8452970925327854,1.0935244824984112,0.4719469091223886,0.9557686734994113,-0.5295777709964453,-0.6741619439931271,-0.5352761095961411,0.26917647631682134
220,-4.681344432120194,2.2676426030432717,0.8857146749898561,-0.30830299208870465,-1.982813848058778,0.23954695539515033,-0.13920100903408802,-0.10232167163421,-0.47863078404156806
221,-1.757977699088643,4.070400308574014,-0.40834965803255063,0.6841922767811434,2.369970959097221,0.33462098437859517,-0.3979484407420843,-0.6243557742331556,-0.5210411148148862
222,-6.62331460024251,0.9250520248084602,1.9551348301008178,-1.1588323766735975,-0.9134097666365006,0.4439016667391529,0.6642014738246733,0.6173108012357467,-0.7410474065803382
223,-4.586369745174779,-4.658601325316928,3.6982838585439115,2.3928284744307895,-0.9600046257056832,-1.4575126206724296,0.16582876521603176,0.6838126422025109,0.2378699988525034
224,-0.5476632399076036,3.324215739636546,-2.945967698907219,-1.5421074261265835,-0.5712324219232474,-0.5070528403709201,0.31197881843051467,-0.9052673066566643,0.38901500069178757
225,-0.5541076404790444,-2.1048646744067985,0.5632272553103921,0.3924703044167266,-0.5185941378417881,-1.2523976531890024,-0.4915932986346942,-0.11167777125571753,0.4086937393777
226,-3.3092050061922262,-3.5850263447068556,1.408188418763205,0.8923022412720163,-1.5448204163190602,-1.2487868216446465,1.0242395051919173,0.5255908997334733,1.3306802988138944
227,-0.8418988170038105,5.353228190495331,-1.6374651344007198,-1.1692284918620246,1.51827769718689,0.3484128072321687,0.15458791636289881,-0.3035283824381429,0.13736264430171352
228,-2.1126258202301367,-0.3908346162662978,0.6673882969750304,-0.7528399050507434,-0.22485612190467857,-0.259526288000953,0.010996702391884284,0.10393081768062261,0.41117058751018803
229,-4.605450321774567,-0.6603068091523463,4.05789358308961,0.38674146409059046,-0.21526513268077077,-0.63185500737196,0.9415709743401555,0.6010862885635585,-0.2651072371983818
230,-3.369745174643856,-4.008109252758544,-1.0294185046089486,-0.7578365175872801,1.017025838786657,-1.004550084833712,0.21379460955269908,-0.10781643474805327,-0.3180683150028978
231,11.13167294740626,-1.075764810672645,3.8014800985516493,-0.3486727961223647,0.21921309618535198,-0.5910071175355701,0.8878967069597626,-0.23618072617186361,-1.072176918511166
232,-0.03678412174488713,-4.76032554149233,-1.8655760293118988,0.6515736947537646,-1.7308262305308137,0.20301058987476012,-0.9642432180048618,-0.6559176255014684,-1.0513121651410384
233,-0.48979084299075293,5.224485842489924,1.3981794465576314,-0.8344322704042286,-0.8651714931717142,0.34063170074978577,-0.97439739652577,-0.1278966968357016,-0.3378318074253552
234,-7.500148919248522,-2.0585036047659493,2.7141616008207357,1.8023268858248853,3.5511548282804535,0.8477173833889714,0.6754097277438625,0.5775922053894179,1.4423115334250094
235,-5.641202631470154,-3.7220871272332983,4.237746522582633,1.1130407328626477,-0.19654796975414518,-0.6984720029834516,0.3036857149874346,0.798211681904353,0.6016048635902271
236,5.244526705645612,-4.303118283149763,1.010509513524561,0.27965617263434056,-1.1821384315210213,1.8045152069650183,-2.147878701315897,-0.43883360720446435,-1.7861476840521877
237,2.4005756489261576,-4.825547263558771,-0.6147409282141323,2.781349682781675,-0.8562816322595685,2.2888034649251066,-0.44537633151726563,-0.19130171686146297,-1.5286818219698137
238,6.7871071499676,2.20715292683756,0.7100799341349152,-1.1842719825173396,-1.589311102330669,-0.4555069920915119,-1.1166268628624292,-0.009982316553887299,-0.2881107708272286
239,0.9940985640394666,6.1313289888376845,-3.2558539814754264,0.23933945307758178,-0.7620934904623102,-0.044936084296266394,-0.8099095414348602,0.4152354782210428,-0.16343403197095904
240,-1.9686172723021593,3.6767724913238706,0.8724894567857225,1.9636467589647233,0.7880650721232001,0.564646985541962,0.07813802207157072,-1.124529017973091,-0.2696616846010001
241,15.454233995681673,0.20719651118440613,9.056592885185871,-0.4715994359279312,1.3710827736617914,-1.4971713492497936,0.008955973816464735,0.0982548174516306,-0.7255105721616202
242,-1.5597113027753928,3.361868751583195,-0.6985701146346762,-2.7126994083370373,0.5223478005778837,0.6779013425128332,-0.5380107514784688,-0.49495120909893753,-0.8481835470380841
243,-0.579790889947009,-3.9824613879244963,-0.5562141163439928,0.8508724551072339,-0.649135361731353,0.04826826331653428,0.30997779066741293,-0.8501630276977866,-0.5612889316033762
244,0.9783432050319347,-4.7735471753962315,-3.09318042165377,-0.5604511801738921,0.01509176942359817,-0.36921625188743656,0.6979259875917833,-0.9232994580993483,0.9184318448547264
245,1.340382278751533,2.058311013660892,-1.319640722236895,2.1638909161284103,-1.3141996553957385,-1.3303708997335733,-1.7277754284672329,2.0632430460236795,-0.19011674011482757
246,0.7916605594461775,-4.592104814676584,5.535523079416292,0.40302728893136186,-0.8829077191820279,-0.6485136721166535,-1.8154081443735126,-0.24090280731360278,0.7545305862340539
247,-5.885756452912264,-0.9289156205447466,1.5390186465186788,0.002304593631543622,-0.985060139799471,0.3937211591926565,0.24741040528186425,0.24585511561652743,0.06518970012207263
248,-0.8525081689050563,5.187175087157985,-0.7727023547577367,1.1995368162571145,1.191505345337494,0.5215435762592352,-1.3795001645208274,-0.024958706761464517,0.4874779354449532
249,-2.830617616407512,1.2915453319243868,-0.16065361866729744,-1.6423774339061932,-1.9535794838048426,-0.7065895076845452,-0.03230006366487067,0.19441089536277356,0.7186943018763032
250,-2.6259342483042705,-0.8757834472036957,0.5196288734143383,-0.19482632421604074,-0.6999016431761869,-0.8025707486976067,-0.3194216599262415,0.24445799116969402,0.22262235380133216
251,5.43473979804103,-1.4232736489732236,-2.0891468750291406,0.05015981646011478,-2.0398492240823924,0.9841687436272896,0.17967603433356988,1.4998146742740885,1.5285982959208717
252,4.489048039502569,-1.00414287446872,-3.9440702935526,-0.9086265731302049,1.463311918059077,0.4488053965956445,0.7544106439725319,-0.7638775737496382,-0.8170390560683346
253,2.371307932000327,-2.6588666445893674,0.45398111835466093,-0.3114460516802181,-0.33124848912152494,1.9262519128870759,-1.2720932842340997,0.1063120759201698,-0.4383124034059565
254,-2.8591236227282644,5.295814349638748,-0.37344659219147514,-1.424386310124675,-1.5675855137173071,1.3379521501109342,0.7844080787703571,-0.7412686510675904,-0.6725395425107715
255,4.279137801527358,-0.28586972577365455,-4.07009419373508,-0.7576563510941275,1.2089979587822761,-0.8067087571379108,0.9168907490133567,-0.5393906614775457,-0.38390567816430826
256,-2.4022155714372335,3.2028060819534128,-0.2857774623195254,0.8829225739642901,-1.424325546117726,-0.08822591385445584,-1.1377632814697147,0.1867135708231766,-0.3417537982775009
257,-1.6728676164961702,-2.8559319043370284,2.99622106190567,-0.015851619787601575,-0.6500176042804996,-0.8926382430311075,0.3821792253576898,-0.3710086294421236,0.56453946590611
258,-5.371348490001629,1.8891319659566217,0.44740336396763936,-1.4257470685641227,2.9637910699022396,0.873598020118652,0.7551716603683137,-0.4413348044240588,-1.9518296493263283
259,0.3338225801825359,-0.22277989667222564,-1.999242178844873,0.998810186564305,-1.7654981419111757,-0.8743363976095719,-0.30763102596702024,-0.05874431691375813,0.8350187066254235
260,2.568197457957314,0.9667063268644025,-2.9132858903715517,0.7651318885389934,0.18596100431862853,-1.3331018134588979,-1.666018326863669,0.4328189931719059,0.30100212334963045
261,-0.46784235200288854,-1.4761318316434586,-2.679237064978268,0.051684765738537836,0.8225177923469477,-0.6330833296459948,-0.3836052229657938,0.01431262781086463,0.035737093701295165
262,12.281348376720644,2.077193410313269,7.57992648435061,-0.31480598855436515,0.8173939591670654,-2.4059250023250174,3.321578827088166,0.7584393041199012,-3.687822999912869
263,1.6897686951524933,3.71076048177278,1.7146322412911692,-1.4668432242119205,0.4741043169623638,0.9400598729680832,0.42042306315750294,-0.6908269190915776,1.14348417954856
264,-3.2424752769298517,4.045089185403104,-0.8940504258024539,0.3433182760509587,0.28561640419233336,0.8459555921782446,-0.5167319217352918,-0.4036743181490967,0.820820486673641
265,4.160763266637576,-0.2711818485115403,-3.3413862482885572,2.0195351779823434,0.8651392302402645,-1.2467565319637737,-0.458993249574493,-0.3866878341286193,0.9176465419943628
266,3.8389242676870183,4.572796850705534,4.217531090594178,2.5164032089923927,-1.1522489834324119,0.011298132718736947,1.4998308221073022,-0.4932248157919251,-0.40814194398311837
267,6.338300254337011,-4.04934466909916,-1.8390339490612961,-0.34203845783038567,1.5114230182646309,3.2468202432220115,-2.2780711689520583,-0.2143098492253393,-1.7352847602136032
268,6.054342327627101,-2.3180644591585278,3.1132509385047458,-0.9283564483553631,0.7357925917569911,1.1029759359785383,-4.269965932540297,-0.18792193283301475,0.2224629867087077
269,-5.558233173100079,-4.595960176961547,0.29588982525798874,0.8690986019671615,1.0903731456889445,-0.5982345769714711,1.1319851465909982,0.14168838037305703,1.7992814832165314
270,8.029716082259888,-0.9186197615123678,3.0603120868561167,1.4377816044940186,0.10731364287092797,0.7332912848235789,0.519335758854933,-1.1259522160401094,-0.8915234628539094
271,-1.6647748765236055,3.3440150394190358,0.5243162707996738,-0.7213044060288472,-0.06491461670917409,0.3202900494090642,0.5519461284426107,-0.5508350192859471,-1.2023556611953095
272,1.9321283915647927,-2.995410972865802,2.113671454550499,1.6248153236569751,-1.0899088091316487,-0.5369948269842092,-0.446794510044903,-0.6163036528490867,-1.0470462391438222
273,-2.0238953819864536,1.2859242059842824,0.31888020054234667,2.0076534873530676,-1.762979121599813,0.1476930273289957,-0.3457776667629837,0.5099087772497595,0.5488265277623239
274,3.283017873935886,-0.5102067678983706,-2.2285950358507214,1.0926527857719641,-1.628871661138746,0.631889242514403,-0.9074727096609624,-0.38549151868369474,-0.7696532006555997
275,8.478633803025474,3.439197086200422,3.4879120420571192,-2.7440943887465425,0.04264189940851376,-0.599547993008619,1.1015693775396522,-1.119190013768308,-0.2650683002357975
276,-4.913248632528733,1.5616825533816754,0.7989084100076193,3.8311783898162814,0.7349146372050042,0.6698993836348685,-0.9676447475182891,-0.9827096368744848,0.9114988895618572
277,-1.3764579561681571,2.8504139603935124,0.044534594967513955,0.05704345269379181,-2.872992092624651,1.1035893562563386,1.4915664551861274,-0.37972295476671425,0.796562238035567
278,-2.502699396492945,4.239383312416501,0.0023951917501864478,0.5285111937250527,-0.6648917256198549,0.3760444983010827,-0.32007936934425646,-0.7874062782386668,0.3303557326497746
279,-5.23334099576967,0.8870184838455117,0.3353027672096744,-0.5281962849735972,-1.6599580093485884,0.25729366501665585,1.001766438101003,0.2239683976968962,0.9040969205166135
280,-6.658001810618298,0.485895791955736,2.466190043816872,-0.43088159945702365,-0.5105541036193221,-0.10526123867539375,1.0431082848777244,0.589491300882492,-0.16073688047722837
281,8.634520378094065,-3.0231680653468365,2.614194460001731,1.834177162559806,1.858597148879205,1.9912507175304068,0.14172400756578954,-0.5182830923052277,-0.9972508658777413
282,-2.4822659459671237,-3.809922261749959,-1.4472550757246543,-2.116175441580386,1.1319771981522355,-0.7833625208833529,1.1134236219537355,-0.3663991813156035,-0.2480334591571117
283,1.6309628959923288,0.4155647463981183,-3.10650006500849,-1.3403048208422295,0.12171815052214492,-0.28262596554330854,0.8468113687979252,-1.4237109397082306,0.181139050322745
284,3.1884740641533433,-4.141311543952646,-2.1460624557732517,0.03691660624135408,1.4882439794551618,2.606338142001826,-3.036719528278275,-0.8209785986765653,-2.7470955718011427
285,-6.298928252585089,-2.85044643894681,2.4820853867671238,2.390430597352959,-0.5059678792718852,-0.5598410777771916,1.2820490436866643,-0.09325301539875923,0.9326687984687428
286,3.501768835917488,-0.839101546053869,-3.6293619059645903,0.18467404983472466,-2.130560024844704,-0.895471031709697,-0.8929373818364804,-0.3160908599495505,0.6549834569818487
287,-0.08704377554963898,-2.196853993138382,-1.0225427818796469,0.28791044349950934,-0.8924777557537494,-0.535058387097292,-1.4807441615139492,0.20019005726748818,-0.6859792147407796
288,4.69622059127885,1.978698074171592,-2.6440810434808,-0.13719701664701683,-1.2567292258335958,-1.2262900640227408,1.803356707253655,0.05417112325117438,-0.35877573865050816
289,-6.404399287339616,1.08052886012778,1.1683122187296877,0.40710973481705814,1.1857536663052517,0.7959665299262608,0.3251363769280162,-0.12441104690532762,-0.15435206388431563
290,-7.576895639195169,-0.651022826318012,2.594500085740656,0.7016623405605874,-0.4267884238297477,0.04531524692029785,1.0252295525041817,0.2690209359176768,-0.15580286947786848
291,-1.531028164247423,4.528058229394547,-0.06570622242224058,2.2309188388417462,-1.036018350049113,0.013596010716514055,-1.4461967023551163,1.0066421403439607,0.27579108521433765
292,5.353881716895891,1.0964810831059884,-4.120167293455649,-0.3191196543184966,1.0159881486922475,-0.5043822203328902,2.3761779700001155,-0.9628692134170617,-0.7427367298553543
293,-0.1553246444507832,1.78963745153015,2.151136561874796,3.4544404163272353,0.23252789519211722,0.27785585578905425,-0.19241786609317815,-0.6979129407547809,-0.06914154477887535
294,-2.110043977753347,-3.1670920129117413,-1.9861090930218972,-1.0531078208526645,1.093627792472255,-0.9951354032516222,0.21855572311338733,-0.3267939817720447,-0.23795543243651118
295,-3.0040505864108953,-4.074168350124746,0.5101807852942559,-1.3927741700799505,-0.9114346932006611,-1.0079321183326433,0.834004173904359,0.28824212577506564,0.3009951728681129
296,-1.7443518143635535,2.2344945205409066,-1.0166127100421913,0.7292558850077262,2.3319529025803383,-0.006370496848943981,-1.0804840407351806,0.34315007010014115,0.8308247236665652
297,-0.602150002933733,-1.8071566695952066,-0.9252329220254748,0.40339052812172976,-1.4165056850230273,0.34918023345636506,-1.1014628116473166,-0.7667081689859647,-1.0496860637663818
298,-0.3379662994178749,-1.5712342346328831,-2.0642737583374577,-1.9296702374589845,-2.3239532073650375,0.28506579449609976,1.0045224994892297,-0.6948116261443887,0.14823658810330692
299,-2.173315933193498,3.178150806189662,-1.9315109047538677,-0.34553547379650096,-2.1248675402559334,0.1804232585138458,-0.37309916254661235,-0.24476881917355445,0.27826772536127403
300,-1.5523664150972074,0.46294633357436593,-1.203240466524528,-1.7776275464441142,-0.8455308862452792,0.05857698842409789,-0.9488269839466205,0.5260865525188614,0.022833412900156752
301,-1.8087494327180407,3.6191344305088475,0.3971593847046687,-0.1516699354963029,-0.23293605819812682,0.1797095894316464,0.11444415764906199,-1.0905658720427507,-0.37290022183086075
302,-2.572790026384801,-3.970756778660914,0.2838133085287761,-1.2153386616146105,-1.2280837708312986,-1.0988113260736152,0.885447062083443,0.17033613425517743,0.4565880626930653
303,2.801471726661304,1.4800629531404608,-3.7734816363067667,-1.0368290357180119,0.73022262980687,-0.25495554410419263,1.4303694134818778,-1.3878299569651777,0.31767064489013036
304,-3.6079132257424362,-5.559786250885551,-0.9007476093991065,0.7747648575097978,0.5849763460787301,-1.3611041919812028,0.07828338714185924,-0.2956606000654413,0.8267190456956967
305,6.596984349814212,2.018585992059915,1.2577180224789293,1.441795837411084,-1.0335062538628583,-1.8674735473278454,2.2288075148390867,-0.21721613589551933,-0.9590230115785892
306,-1.0937938811226076,-2.545966665923117,-2.3006715685404453,-0.816463863370059,0.8962231957889424,-0.6054400711319716,0.08978197279899958,-0.449225888921757,0.04763733529480815
307,4.133005812462259,2.085216060125311,-1.9066834758749307,0.8473013758872389,0.6780015203871581,-2.0554314097306525,-0.9767890170055618,0.9238635914813708,0.9714222961591735
308,0.9916855904219376,-5.638686720966203,3.5852358746410102,-1.6480774167220824,-1.1695392383315641,1.2520627007093663,-0.39580161716984175,0.24276668676364072,0.3018985749738969
309,2.220737054906367,0.11538112481794416,-2.019392833198191,0.26133510988937764,-1.3065742005343766,0.567184959611821,-0.5734761911011625,-0.8582899660363419,-0.2652063327721779
310,6.067212535692663,-0.2303307060481104,-1.4501707988346513,0.3564717266737115,-3.0170194664358885,-1.2543246457175805,-1.0682087613686682,1.7331847179501514,-0.22287738492349102
311,-3.951821102159201,2.2060671070606785,1.9799858192242912,1.3303220499103259,-0.6933003024072562,0.34589161712405464,-0.36700272344777113,-0.05799396629017698,-0.3945979181368304
312,3.075197059583712,-0.996405375355906,-3.7135063386734237,-0.4888454986689478,0.07881092806068364,-0.4811185669067754,-0.16430155279598688,-0.7234161203633465,0.7445974864751174
313,3.834730769736862,-3.973951341315988,-3.084772979639134,0.17790106032088474,1.9542637248047425,2.2644021273715946,-0.9885122567569183,-1.0048273783351542,-2.0862866022833866
314,-3.0463058235777747,-5.801936495654092,-0.6284626523565874,-0.21945890586429526,-0.9435002187161304,-0.40647746769913046,0.48478607893535713,-0.33462133104360897,-0.31233453466505845
315,-0.17639637751162215,0.583518942826666,-1.096721872566606,-2.791152360198173,-0.9826257771279518,0.04196240849524211,0.9330347015023112,-1.0735644897491297,0.08761968615880454
316,-1.9394313039290545,-2.698544657236382,-1.2899302934471346,0.06735997703378231,0.7125101082223242,-1.2672887803301507,-0.4057896115825507,-0.6538557210306121,1.2012790365230268
317,-3.1575164794215813,-4.546308060842553,-0.37128049323797835,0.7612740320793264,1.814173518815189,-0.8728294455491595,0.25197782433579075,-0.35209753493855916,0.1301741463026242
318,-1.6774680234898183,1.8938947499669536,-1.4535840580322592,-2.3574886074161863,-0.6676343544622053,-0.34097132567932936,0.9888570024634723,-0.15701317747343482,0.836007011932873
319,-2.0799608883888503,-4.721140099820106,0.09822422932833191,0.619239695295046,-1.0177712854545355,-0.143460340722254,-2.1140803004129864,0.16934164760217552,-1.0732032253578248
320,1.263588049108788,-0.9906250821773861,-3.899446410121165,-0.06289329139604652,-2.4713141733581545,-1.3282559521830424,-0.4040263532412704,-0.479607483167853,2.0722044734426817
321,1.3087178102679409,-1.6001150205683847,-3.3067552150580504,-1.6762182881468446,0.18826575723627745,-0.49377225017229165,0.7995737445962424,-0.5464548666375352,0.7151465017619875
322,-4.5820334966352885,-2.4393750440270354,3.778058835593104,0.9866971282648723,2.891378234669921,0.2280044827703552,0.5089539860618383,-0.1364928665545263,0.46169321858387313
323,4.996503017039366,2.5243152198279715,-3.663073927559773,-0.4863536938043073,2.658177479329671,-1.2530115297363988,0.8226779962011077,-0.18392046458737996,-0.36024713791632945
324,-2.9287814777038195,4.001166867554887,0.45696330477705177,2.8594669659415985,-1.7163630374447696,1.1918202498013222,-0.035053906579921836,0.1893299931009184,0.3593165051547771
325,4.754780227452636,4.767904193586361,-0.9685859505051828,-1.373327164285162,2.2467967713165136,-1.3153911345774907,0.5293458617373226,1.7592010060237606,-0.46615126397752427
326,-2.1494634522840164,-6.554173716964474,2.025938144697956,0.5666877262543651,-1.8114896533141558,1.104464610332942,0.632283133886761,0.3465847423581005,0.41066617929237986
327,-1.1772715746397222,-2.017951640405729,-1.409696063222547,0.9715044517280212,-0.7292946524563536,-0.34829259233684595,-1.1789847839139396,-0.7265435764340779,-0.5820914118679092
328,4.958215764596055,0.22245639053344543,-5.238975324537037,-1.313833359810605,1.2447489842600066,-0.11131342101572164,1.1967218193331406,-1.316039876869133,0.16345407975425916
329,6.471876417480757,4.599816764185183,-2.405564274802375,1.3863877352418987,3.865213606488434,-4.403618893384252,0.36693078723498224,9.048870043887993,-1.6576553168789918
330,4.470810933056165,-0.7017469657713491,-2.6271981371419453,0.9044324311963214,-2.245423937010817,-0.5548371898085154,0.3332529500658348,-0.5422815289518831,0.24852450734271084
331,-0.9140285738588007,-3.1641831976897308,-0.17057839018556112,-0.29807565330663,0.682066419501817,-1.4775743766215867,-1.2076564623483352,0.5196070720148143,0.6019709272814558
332,-4.861596586312769,1.3430023193371428,0.640914146064465,1.0022151809583828,2.201862238324978,0.580804758718385,0.009831194930721305,-0.36996896728965867,1.0266132443611693
333,-2.991332495872485,1.53807271664976,-0.4275212929485886,-0.7117723490783674,3.0494763475619093,0.4309038816934889,-0.2083340485907499,0.1320621466845588,-0.3387444828281625
334,-5.0174227257886646,2.036072262100754,0.7719438948644478,-0.2934590740645328,0.669856190158598,1.0997089651087542,-0.9249718337266813,0.05413928919151284,-1.4935506962117204
335,2.842948614963183,-1.458405540847934,-2.343973987559807,0.4268630584177277,-1.084641833379217,0.01602956359984247,-0.5992896291029572,-0.5767496160116914,-0.45557726982719804
336,-2.6730780928269278,3.3067550363253706,-1.4561151913717356,-1.3949261264121415,-0.7208926209576335,-0.028786939729416677,-0.8639156371865806,0.19610477203257423,-0.0909659962903132
337,7.881914896469737,-0.5656357229752569,-1.0578340263476778,0.33160595411123395,2.310688082626265,-0.28622400309472446,0.5362693327842764,-0.49777747659650623,-0.2833086647594657
338,0.48315464173667544,2.6650602740239067,1.9386251715440055,2.884260162355181,-1.206502954383501,0.2095444289259267,1.7163545940618308,-0.739374095546586,0.1202980457290501
339,-1.5505564325023844,4.816134889602681,-0.5900247973454932,0.14432283155245115,-1.1263250030127225,0.8083695900280823,-0.7456254458642017,1.5447020463045467,-0.6547467930638664
340,1.9205640391464316,3.016896711326188,-3.03823788524236,3.795410308380171,-0.3553267852536045,-1.495788976690177,-2.5807170928058185,4.120293720192449,-0.1962158386059715
341,-6.3488405877944505,0.36849870089628806,2.5159256681508446,0.14007716554928826,3.2636141383897974,1.5675020027166027,1.125480146540758,0.1917160963452874,-0.08557278532532528
342,4.894587144009356,-3.7139052087376525,-1.6389050064250188,-0.7898799211629761,-2.4588303146591572,3.819608178707814,-1.85841587284885,0.9957186819160793,-1.3945451385938936
343,4.432772077034896,-0.6310785455067668,-2.078081347445784,1.4246604202413855,-1.738712179677542,-0.7563972105271152,-0.4094456435892367,-0.23446794361779996,0.2694046805079584
344,-5.866242757829344,1.202644675851749,3.1050586887384686,1.9707764982923937,-0.8584420212406553,0.24933307954299494,-0.017358382377132327,0.13180930195539628,-0.19758647012220149
345,4.918937538606333,-0.7157852201502907,-2.183951982254732,0.25367282430097077,-1.8542379569359668,-0.609193111210886,-0.006419416738132896,-0.07701735852015591,0.3694517991725343
346,2.0802819338443967,-0.7651030290057098,1.6659093688294966,-0.9632884937102428,0.8985421450371393,-1.3901359522504286,-0.9151258595144117,0.18123645266164107,1.4131076779198308
347,-0.6019482203868471,-2.389483486054716,0.08336972169427659,2.6358104999647813,1.1200803283606797,-1.0820472743014806,-0.31254435369189215,-0.5123411373168375,1.6166600123877073
348,3.494058063019167,4.934176268487565,-0.9253097596936117,0.029509602439836108,3.637015465368912,-0.8849498270886538,0.0351751896197464,0.17668538595617983,-0.23788594351185022
349,0.014016207900127396,7.764737338612793,-2.567477029834578,0.46338368837325883,-0.6366738739017329,0.43167648588545654,-0.7460936920233474,-0.03415005443103192,-0.30434093052240657
350,7.138008940649016,-0.7238168688884539,-2.7106776873076845,-0.6142230938585633,-1.567836896967927,1.555180608891655,2.0168768227717093,-0.5713477108467238,-0.5515233994912742
351,0.7979557792721603,-0.9845632487410931,-1.2709073662433905,-2.462221515314515,0.16874307087297272,-0.015899387769689525,0.3046134217714392,0.7586533330051207,1.2812486834547185
352,-4.087460365342192,3.941386678494651,1.8976378645294185,-0.22623543647550923,-0.6681527674693541,1.459408055930362,-0.090773161588225,0.021272418822412598,-0.2828348185486572
353,-1.049105935782435,4.29461478856498,-1.4865120315136349,0.8996719540645284,0.4655677464654217,0.18211854975917058,0.0812845481493745,-0.2878432632861362,1.0136039269959012
354,6.599780832302591,2.400480303743955,-2.714040108164088,-1.7669795522305105,2.1959914075842035,-0.6624454522711561,0.07392081969058792,0.8028437985901491,0.23194707047782334
355,-4.402315526242258,2.2390449265518177,1.410702266736204,3.3305238861186104,-1.2592218379364442,0.7261037716843629,-0.10104761048909915,-0.0036397940032445028,0.47251496442311963
356,7.328960125320564,2.3912703530399955,5.57386809593005,-2.9346193316749596,-2.425161600349432,0.16887130527330863,0.7844179391393781,0.00020690125368774022,1.7227712987599635
357,-4.458855338186865,1.9860065133423046,2.7021898206598767,0.07656345467369312,-0.2146305193079132,0.6358416806454925,0.016326659983428166,-0.016850994052282246,-0.5791225934497329
358,4.569760409711916,-1.3953402169735278,-3.9977406811587923,-0.385829813158131,-2.664309443022756,0.20065790319507443,1.7061419434314005,-0.8622724157439214,-0.11597728802034504
359,-2.004603810919593,-1.2429238611850344,-1.258000795316695,-1.6596930263149785,-1.498506810203556,-0.9489648775920795,0.813188102746351,-0.16626311400195196,0.7228735562923292
360,-5.286471372007941,2.1250866407013604,1.1078219835187433,-1.0215731869200206,-0.8698699848179654,0.028684190352121646,0.10024728001006222,0.07656064332523278,-1.1011236505649782
361,4.908640713146953,1.4011368265910977,-2.491433145104761,-0.6559504523633467,-2.1297123543386367,-0.5587476342196195,2.237863738872501,-0.6950778505801644,-0.633554636217482
362,5.740063750189015,-1.7490686751844557,-5.305445487210279,0.483940210388353,0.8618855680193961,0.17254546324266842,-0.28096056670977126,-0.035272958977485114,0.5346237867615626
363,-3.8886351391228433,2.2876389590709203,-0.19593135006704637,-1.7859500221850975,-2.3017642104353055,0.046636918340287076,0.46623476109295203,0.13120052083890554,-0.8055410926041128
364,-5.223820435846978,-0.38892195343671165,2.84902155417144,-1.8032378745223883,-0.28485569948077727,0.5619908841779843,1.1519107747073245,0.9524099314076417,0.13205552291202857
365,5.466806183504429,2.190039085585742,-1.4795854752614674,-0.3280532454320969,0.9943626382292363,-1.236211428246592,1.070532359506015,-0.5724392733379275,-0.2362249448707124
